{
    "i": 1,
    "name": "Adalia Prime",
    "owner": "0xeF0133437AB8DA5C5E8873b61189610E2d8Cb4F5",
    "r": 375142,
    "spectralType": 0,
    "bonuses": 1,
    "scanStatus": 2,
    "purchaseOrder": 0,
    "orbital": {
        "a": 2.192,
        "e": 0.325,
        "i": 0.002443460952792061,
        "o": 3.4108969571725183,
        "w": 5.283809777487633,
        "m": 0.9480628496833199
    }
}